"","no","yes"
"1",0.856,0.144
"2",0.978,0.022
"3",0.956,0.044
"4",0.99,0.01
"5",0.13,0.87
"6",0.5,0.5
"7",0.964,0.036
"8",0.928,0.072
"9",1,0
"10",0.872,0.128
"11",0.47,0.53
"12",0.726,0.274
"13",0.898,0.102
"14",0.918,0.082
"15",0.724,0.276
"16",0.036,0.964
"17",0.78,0.22
"18",0.914,0.086
"19",0.966,0.034
"20",0.992,0.008
"21",0.994,0.006
"22",0.49,0.51
"23",0.146,0.854
"24",0.984,0.016
"25",0.956,0.044
"26",0.934,0.066
"27",0.874,0.126
"28",0.154,0.846
"29",0.932,0.068
"30",0.696,0.304
"31",0.826,0.174
"32",0.56,0.44
"33",0.918,0.082
"34",0.886,0.114
"35",0.586,0.414
"36",0.656,0.344
"37",0.914,0.086
"38",0,1
"39",0.426,0.574
"40",0.832,0.168
"41",0.98,0.02
"42",0.984,0.016
"43",0.978,0.022
"44",0.022,0.978
"45",0.668,0.332
"46",0.942,0.058
"47",0.638,0.362
"48",0.746,0.254
"49",0.96,0.04
"50",0.92,0.08
"51",0.368,0.632
"52",0.74,0.26
"53",0.534,0.466
"54",0.804,0.196
"55",0.65,0.35
"56",0.99,0.01
"57",0.888,0.112
"58",0.968,0.032
"59",0.902,0.098
"60",0.874,0.126
"61",0.83,0.17
"62",0.39,0.61
"63",0.862,0.138
"64",0.988,0.012
"65",0.94,0.06
"66",0.866,0.134
"67",0.988,0.012
"68",0.968,0.032
"69",0.958,0.042
"70",0.988,0.012
"71",0.904,0.096
"72",0.918,0.082
"73",0.988,0.012
"74",0.87,0.13
"75",0.834,0.166
"76",0.57,0.43
"77",0.986,0.014
"78",0.968,0.032
"79",0.638,0.362
"80",0.122,0.878
"81",0.262,0.738
"82",0.884,0.116
"83",0.746,0.254
"84",0.944,0.056
"85",0.764,0.236
"86",0.934,0.066
"87",0.944,0.056
"88",0.626,0.374
"89",0.846,0.154
"90",0.832,0.168
"91",0.88,0.12
"92",0.886,0.114
"93",0.512,0.488
"94",0.044,0.956
"95",0.95,0.05
"96",0.672,0.328
"97",0.326,0.674
"98",0.93,0.07
"99",0.986,0.014
"100",0.476,0.524
"101",0.928,0.072
"102",0.422,0.578
"103",0.992,0.008
"104",0.964,0.036
"105",0.964,0.036
"106",0.94,0.06
"107",0.918,0.082
"108",0.004,0.996
"109",0.93,0.07
"110",0.832,0.168
"111",0.888,0.112
"112",0.964,0.036
"113",0.142,0.858
"114",0.986,0.014
"115",0,1
"116",0.984,0.016
"117",0.982,0.018
"118",0.672,0.328
"119",0.554,0.446
"120",0.556,0.444
"121",0.58,0.42
"122",0.74,0.26
"123",0.618,0.382
"124",0.002,0.998
"125",0.776,0.224
"126",0.982,0.018
"127",0.948,0.052
"128",0.33,0.67
"129",0.954,0.046
"130",0.992,0.008
"131",0.8,0.2
"132",0.95,0.05
"133",0.986,0.014
"134",0.916,0.084
"135",0.548,0.452
"136",0.93,0.07
"137",0.73,0.27
"138",0.698,0.302
"139",0.976,0.024
"140",0.33,0.67
"141",0.92,0.08
"142",0.94,0.06
"143",0.954,0.046
"144",0.97,0.03
"145",0.718,0.282
"146",0.968,0.032
"147",0.862,0.138
"148",1,0
"149",0.702,0.298
"150",0.87,0.13
"151",0.308,0.692
"152",0.87,0.13
"153",0.926,0.074
"154",0.198,0.802
"155",0.954,0.046
"156",0.65,0.35
"157",0.97,0.03
"158",0.93,0.07
"159",0.836,0.164
"160",0.796,0.204
"161",0.84,0.16
"162",0.978,0.022
"163",0.86,0.14
"164",0.836,0.164
"165",0.696,0.304
"166",0.448,0.552
"167",0.992,0.008
"168",0.478,0.522
"169",0.856,0.144
"170",0.962,0.038
"171",0.954,0.046
"172",0.482,0.518
"173",0.036,0.964
"174",0.94,0.06
"175",0.856,0.144
"176",0.444,0.556
"177",0.816,0.184
"178",0.848,0.152
"179",0.78,0.22
"180",0.99,0.01
"181",0.958,0.042
"182",0.132,0.868
"183",0.96,0.04
"184",0.92,0.08
"185",0.954,0.046
"186",0.99,0.01
"187",0.984,0.016
"188",0.88,0.12
"189",0.784,0.216
"190",0.868,0.132
"191",0.108,0.892
"192",0.652,0.348
"193",0.784,0.216
"194",0.928,0.072
"195",1,0
"196",0.99,0.01
"197",0.764,0.236
"198",0.9,0.1
"199",0.528,0.472
"200",0.932,0.068
"201",0.414,0.586
"202",0.944,0.056
"203",0.424,0.576
"204",0.978,0.022
"205",0.956,0.044
"206",0.908,0.092
"207",0.896,0.104
"208",0.01,0.99
"209",0.986,0.014
"210",0.432,0.568
"211",0.01,0.99
"212",0.924,0.076
"213",0.488,0.512
"214",0.984,0.016
"215",0.708,0.292
"216",0.366,0.634
"217",0.998,0.002
"218",0.966,0.034
"219",0.586,0.414
"220",0.986,0.014
"221",0.64,0.36
"222",0.868,0.132
"223",0.998,0.002
"224",0.92,0.08
"225",0.992,0.008
"226",0,1
"227",0.91,0.09
"228",0.958,0.042
"229",0.974,0.026
"230",0.474,0.526
"231",0.976,0.024
"232",0.95,0.05
"233",0.904,0.096
"234",0.966,0.034
"235",0.984,0.016
"236",0.804,0.196
"237",0.948,0.052
"238",0.958,0.042
"239",0.992,0.008
"240",0.954,0.046
"241",0.12,0.88
"242",0.99,0.01
"243",0.216,0.784
"244",0.394,0.606
"245",0.05,0.95
"246",0.988,0.012
"247",0.926,0.074
"248",0.784,0.216
"249",0.898,0.102
"250",0.996,0.004
"251",0.96,0.04
"252",0.964,0.036
"253",0.802,0.198
"254",0.89,0.11
"255",0.898,0.102
"256",0.558,0.442
"257",0.984,0.016
"258",0.938,0.062
"259",0.754,0.246
"260",0.996,0.004
"261",0.766,0.234
"262",0.752,0.248
"263",0.934,0.066
"264",0.882,0.118
"265",0.958,0.042
"266",0.994,0.006
"267",0.632,0.368
"268",0.992,0.008
"269",0.106,0.894
"270",0.908,0.092
"271",0.816,0.184
"272",0.458,0.542
"273",0.966,0.034
"274",0.896,0.104
"275",0.93,0.07
"276",0.952,0.048
"277",0.948,0.052
"278",0.946,0.054
"279",0.866,0.134
"280",0.962,0.038
"281",0.592,0.408
"282",0.784,0.216
"283",0.712,0.288
"284",0.956,0.044
"285",0.928,0.072
"286",0.954,0.046
"287",0.982,0.018
"288",0.322,0.678
"289",0.962,0.038
"290",0.934,0.066
"291",0.928,0.072
"292",0.976,0.024
"293",0.946,0.054
"294",0.862,0.138
"295",0.968,0.032
"296",0.98,0.02
"297",0.984,0.016
"298",0.006,0.994
"299",0.976,0.024
"300",0.43,0.57
"301",0.918,0.082
"302",0.01,0.99
"303",0.986,0.014
"304",0.39,0.61
"305",0.946,0.054
"306",0.858,0.142
"307",0.9,0.1
"308",0.992,0.008
"309",0.96,0.04
"310",0.976,0.024
"311",0.858,0.142
"312",0.922,0.078
"313",0.882,0.118
"314",0.724,0.276
"315",0.98,0.02
"316",0.936,0.064
"317",0.98,0.02
"318",0.946,0.054
"319",0.978,0.022
"320",0.002,0.998
"321",0.768,0.232
"322",0.006,0.994
"323",0.968,0.032
"324",0.87,0.13
"325",0.928,0.072
"326",0.986,0.014
"327",0.856,0.144
"328",0.988,0.012
"329",0.862,0.138
"330",0.992,0.008
"331",0.446,0.554
"332",0.898,0.102
"333",0.098,0.902
"334",0.902,0.098
"335",0.864,0.136
"336",0.91,0.09
"337",0.668,0.332
"338",0.918,0.082
"339",0.966,0.034
"340",0.96,0.04
"341",0.988,0.012
"342",0.948,0.052
"343",0.918,0.082
"344",0.96,0.04
"345",0.002,0.998
"346",0.632,0.368
"347",0.888,0.112
"348",0.996,0.004
"349",0.976,0.024
"350",0.332,0.668
"351",0.63,0.37
"352",0.444,0.556
"353",0.786,0.214
"354",0.728,0.272
"355",0.882,0.118
"356",0.952,0.048
"357",0.852,0.148
"358",0.438,0.562
"359",0.838,0.162
"360",0.958,0.042
"361",0.834,0.166
"362",0.956,0.044
"363",0.614,0.386
"364",0.938,0.062
"365",0.784,0.216
"366",0.91,0.09
"367",0.712,0.288
"368",0.526,0.474
"369",0.926,0.074
"370",0.278,0.722
"371",0.886,0.114
"372",0.99,0.01
"373",0.58,0.42
"374",0.89,0.11
"375",0.186,0.814
"376",0.854,0.146
"377",0.922,0.078
"378",0.996,0.004
"379",0.95,0.05
"380",0.61,0.39
"381",0.948,0.052
"382",0.82,0.18
"383",0.092,0.908
"384",0.644,0.356
"385",0.898,0.102
"386",0.904,0.096
"387",0.974,0.026
"388",0.492,0.508
"389",0.382,0.618
"390",0.486,0.514
"391",0.988,0.012
"392",0.31,0.69
"393",0.97,0.03
"394",0.77,0.23
"395",0.03,0.97
"396",0.942,0.058
"397",0.4,0.6
"398",0.606,0.394
"399",0.96,0.04
"400",0.976,0.024
"401",0.882,0.118
"402",0.922,0.078
"403",0.834,0.166
"404",0.944,0.056
"405",0.112,0.888
"406",0.986,0.014
"407",0.94,0.06
"408",0.832,0.168
"409",0.916,0.084
"410",0.026,0.974
"411",0.556,0.444
"412",0.946,0.054
"413",0.888,0.112
"414",0.958,0.042
"415",0.866,0.134
"416",0.314,0.686
"417",0.926,0.074
"418",0.544,0.456
"419",0.912,0.088
"420",0.86,0.14
"421",0.114,0.886
"422",0.818,0.182
"423",0.922,0.078
"424",0.98,0.02
"425",0.936,0.064
"426",0.58,0.42
"427",0.938,0.062
"428",0.996,0.004
"429",0.976,0.024
"430",0.97,0.03
"431",0.95,0.05
"432",0.582,0.418
"433",0.65,0.35
"434",0.948,0.052
"435",0.8,0.2
"436",0.968,0.032
"437",0.83,0.17
"438",0.968,0.032
"439",0.962,0.038
"440",0.568,0.432
"441",0.29,0.71
"442",0.928,0.072
"443",0.824,0.176
"444",0.586,0.414
"445",0.722,0.278
"446",0.996,0.004
"447",0.982,0.018
"448",0.958,0.042
"449",0.02,0.98
"450",1,0
"451",0.986,0.014
"452",0.646,0.354
"453",0.258,0.742
"454",0.222,0.778
"455",0.906,0.094
"456",0.212,0.788
"457",0.888,0.112
"458",0.802,0.198
"459",0.964,0.036
"460",0.316,0.684
"461",0.998,0.002
"462",0.948,0.052
"463",0.318,0.682
"464",0.966,0.034
"465",0.922,0.078
"466",0.792,0.208
"467",0.946,0.054
"468",0.996,0.004
"469",0.906,0.094
"470",0.988,0.012
"471",0.982,0.018
"472",0.544,0.456
"473",0.948,0.052
"474",0.918,0.082
"475",0.804,0.196
"476",0.926,0.074
"477",0.968,0.032
"478",0.334,0.666
"479",0.344,0.656
"480",0,1
"481",0.826,0.174
"482",0.342,0.658
"483",0.692,0.308
"484",0.99,0.01
"485",0.672,0.328
"486",0.702,0.298
"487",0.85,0.15
"488",0.966,0.034
"489",0.974,0.026
"490",0.234,0.766
"491",0.146,0.854
"492",0.91,0.09
"493",0.108,0.892
"494",0.054,0.946
"495",0.526,0.474
"496",0.998,0.002
"497",0.762,0.238
"498",0.996,0.004
"499",0.984,0.016
"500",0.998,0.002
"501",0.774,0.226
"502",0.522,0.478
"503",0.97,0.03
"504",0,1
"505",0.94,0.06
"506",0.984,0.016
"507",0.98,0.02
"508",0.288,0.712
"509",0.958,0.042
"510",0.314,0.686
"511",0.938,0.062
"512",0.998,0.002
"513",0.26,0.74
"514",0.806,0.194
"515",0.676,0.324
"516",0.964,0.036
"517",0.994,0.006
"518",0.086,0.914
"519",0.976,0.024
"520",0.968,0.032
"521",0.862,0.138
"522",0.48,0.52
"523",0.966,0.034
"524",0.616,0.384
"525",0.994,0.006
"526",0.384,0.616
"527",0.378,0.622
"528",0.966,0.034
"529",0.322,0.678
"530",0.94,0.06
"531",0.908,0.092
"532",0.378,0.622
"533",0.914,0.086
"534",0.954,0.046
"535",0.994,0.006
"536",0.844,0.156
"537",0.98,0.02
"538",0.956,0.044
"539",0.866,0.134
"540",0.978,0.022
"541",0.928,0.072
"542",0.132,0.868
"543",0,1
"544",0.24,0.76
"545",0.9,0.1
"546",0.066,0.934
"547",0.892,0.108
"548",0.846,0.154
"549",0.998,0.002
"550",0.346,0.654
"551",0.906,0.094
"552",0.472,0.528
"553",0.538,0.462
"554",0.546,0.454
"555",0.3,0.7
"556",0,1
"557",0.706,0.294
"558",0.934,0.066
"559",0.91,0.09
"560",0.432,0.568
"561",0.74,0.26
"562",0.89,0.11
"563",0.924,0.076
"564",0.694,0.306
"565",0.676,0.324
"566",0.92,0.08
"567",0.924,0.076
"568",0.984,0.016
"569",0.99,0.01
"570",0.96,0.04
"571",0.888,0.112
"572",0.514,0.486
"573",0.948,0.052
"574",0.876,0.124
"575",0.704,0.296
"576",0.942,0.058
"577",0.324,0.676
"578",0.868,0.132
"579",0.988,0.012
"580",0.734,0.266
"581",0.974,0.026
"582",0.98,0.02
"583",0.622,0.378
"584",0.992,0.008
"585",0.948,0.052
"586",0.97,0.03
"587",0.974,0.026
"588",0.424,0.576
"589",0.69,0.31
"590",0.416,0.584
"591",0.842,0.158
"592",0.07,0.93
"593",0.118,0.882
"594",0.298,0.702
"595",0.744,0.256
"596",0.92,0.08
"597",0.206,0.794
"598",0.86,0.14
"599",0.876,0.124
"600",0.986,0.014
"601",0.958,0.042
"602",0.582,0.418
"603",0.41,0.59
"604",0.894,0.106
"605",0.944,0.056
"606",0.854,0.146
"607",0.766,0.234
"608",0.97,0.03
"609",0.956,0.044
"610",0.956,0.044
"611",0.778,0.222
"612",0.958,0.042
"613",0.796,0.204
"614",0.014,0.986
"615",0.978,0.022
"616",0.986,0.014
"617",0.284,0.716
"618",0.912,0.088
"619",0.982,0.018
"620",0.994,0.006
"621",0.86,0.14
"622",0.916,0.084
"623",0.984,0.016
"624",0.904,0.096
"625",0.958,0.042
"626",0.732,0.268
"627",0.964,0.036
"628",0.272,0.728
"629",1,0
"630",0.518,0.482
"631",0.178,0.822
"632",0.886,0.114
"633",0.972,0.028
"634",0.85,0.15
"635",0.832,0.168
"636",0.536,0.464
"637",0.994,0.006
"638",0.808,0.192
"639",0.498,0.502
"640",0.924,0.076
"641",0.678,0.322
"642",0.992,0.008
"643",0.93,0.07
"644",0.63,0.37
"645",0.758,0.242
"646",0.96,0.04
"647",0.41,0.59
"648",0.394,0.606
"649",0.902,0.098
"650",0.988,0.012
"651",0.828,0.172
"652",0.936,0.064
"653",0.878,0.122
"654",0.986,0.014
"655",0.832,0.168
"656",0.104,0.896
"657",0.984,0.016
"658",0.38,0.62
"659",0.536,0.464
"660",0.902,0.098
"661",0.996,0.004
"662",0.652,0.348
"663",0.648,0.352
"664",0.98,0.02
"665",0.86,0.14
"666",0.366,0.634
"667",0.84,0.16
"668",0.004,0.996
"669",0.224,0.776
"670",0.542,0.458
"671",0.874,0.126
"672",0.842,0.158
"673",0.74,0.26
"674",0.956,0.044
"675",0.946,0.054
"676",0.886,0.114
"677",0.888,0.112
"678",0.996,0.004
"679",0.572,0.428
"680",0.982,0.018
"681",0.982,0.018
"682",0.996,0.004
"683",0.814,0.186
"684",0.738,0.262
"685",0.922,0.078
"686",0.942,0.058
"687",0.754,0.246
"688",0.906,0.094
"689",0.874,0.126
"690",0.982,0.018
"691",0.968,0.032
"692",0.976,0.024
"693",0.656,0.344
"694",0.928,0.072
"695",0.972,0.028
"696",0.002,0.998
"697",0.988,0.012
"698",0.946,0.054
"699",0.838,0.162
"700",0.832,0.168
"701",0.006,0.994
"702",0.882,0.118
"703",0.736,0.264
"704",0.836,0.164
"705",0.978,0.022
"706",0.926,0.074
"707",0.962,0.038
"708",0.908,0.092
"709",0.012,0.988
"710",0.992,0.008
"711",0.194,0.806
"712",0.896,0.104
"713",0.942,0.058
"714",0.342,0.658
"715",0.78,0.22
"716",0.298,0.702
"717",0.636,0.364
"718",0.016,0.984
"719",0.984,0.016
"720",0.992,0.008
"721",0.872,0.128
"722",0.828,0.172
"723",0.9,0.1
"724",0.82,0.18
"725",0.928,0.072
"726",0.974,0.026
"727",0.9,0.1
"728",0.906,0.094
"729",0.982,0.018
"730",0.938,0.062
"731",0.002,0.998
"732",0.744,0.256
"733",0.372,0.628
"734",0.252,0.748
"735",0.95,0.05
"736",0.864,0.136
"737",0.882,0.118
"738",0.948,0.052
"739",0.972,0.028
"740",0.814,0.186
"741",0.824,0.176
"742",0.908,0.092
"743",0.5,0.5
"744",0.97,0.03
"745",0.892,0.108
"746",0.27,0.73
"747",0.938,0.062
"748",0.882,0.118
"749",0.98,0.02
"750",0.94,0.06
"751",0.344,0.656
"752",0.986,0.014
"753",0.878,0.122
"754",0.934,0.066
"755",0.92,0.08
"756",0.958,0.042
"757",0.89,0.11
"758",0.904,0.096
"759",0.42,0.58
"760",0.948,0.052
"761",0.974,0.026
"762",0.042,0.958
"763",0.002,0.998
"764",0.356,0.644
"765",0.976,0.024
"766",0.94,0.06
"767",0.606,0.394
"768",0.984,0.016
"769",0.558,0.442
"770",0.32,0.68
"771",0.976,0.024
"772",0.954,0.046
"773",0.494,0.506
"774",0.842,0.158
"775",0.848,0.152
"776",0.918,0.082
"777",0.984,0.016
"778",0.756,0.244
"779",0.874,0.126
"780",0.962,0.038
"781",0.696,0.304
"782",0.13,0.87
"783",0.85,0.15
"784",0.98,0.02
"785",0.922,0.078
"786",0.824,0.176
"787",0.854,0.146
"788",0.934,0.066
"789",0.964,0.036
"790",0.974,0.026
"791",0.952,0.048
"792",0.046,0.954
"793",0,1
"794",0.93,0.07
"795",0.94,0.06
"796",0.96,0.04
"797",0.824,0.176
"798",0.694,0.306
"799",0.008,0.992
"800",0.78,0.22
"801",0.432,0.568
"802",0.946,0.054
"803",0.892,0.108
"804",0.99,0.01
"805",0.916,0.084
"806",0.014,0.986
"807",0.734,0.266
"808",0.92,0.08
"809",0.758,0.242
"810",0.628,0.372
"811",0.572,0.428
"812",0.544,0.456
"813",0.918,0.082
"814",0.944,0.056
"815",0.96,0.04
"816",0.002,0.998
"817",0.906,0.094
"818",0.806,0.194
"819",0.456,0.544
"820",0.378,0.622
"821",0.964,0.036
"822",0.752,0.248
"823",0.944,0.056
"824",0.452,0.548
"825",0.956,0.044
"826",0.504,0.496
"827",0.814,0.186
"828",0.896,0.104
"829",0.984,0.016
"830",0.728,0.272
"831",0.676,0.324
"832",0.99,0.01
"833",0.98,0.02
"834",0.318,0.682
"835",0.936,0.064
"836",0.632,0.368
"837",0.868,0.132
"838",0.896,0.104
"839",0.686,0.314
"840",0.982,0.018
"841",0.086,0.914
"842",0.93,0.07
"843",0.982,0.018
"844",0.998,0.002
"845",0.898,0.102
"846",0.884,0.116
"847",0.946,0.054
"848",0.734,0.266
"849",0.598,0.402
"850",0.75,0.25
"851",0.798,0.202
"852",0.89,0.11
"853",0.506,0.494
"854",0.95,0.05
"855",0.974,0.026
"856",0.804,0.196
"857",0.664,0.336
"858",0.902,0.098
"859",0.996,0.004
"860",0.228,0.772
"861",0.996,0.004
"862",0.928,0.072
"863",0.942,0.058
"864",0.914,0.086
"865",0.952,0.048
"866",0.888,0.112
"867",0.834,0.166
"868",0.986,0.014
"869",0.902,0.098
"870",0.954,0.046
"871",0.992,0.008
"872",0.902,0.098
"873",0.968,0.032
"874",0.798,0.202
"875",0.866,0.134
"876",0.07,0.93
"877",0.462,0.538
"878",0.956,0.044
"879",0.96,0.04
"880",0.876,0.124
"881",0.942,0.058
"882",0.962,0.038
"883",0.96,0.04
"884",0.954,0.046
"885",0.802,0.198
"886",0.944,0.056
"887",0.912,0.088
"888",0.984,0.016
"889",0.5,0.5
"890",0.996,0.004
"891",0.928,0.072
"892",0.904,0.096
"893",0.696,0.304
"894",0.932,0.068
"895",0.572,0.428
"896",0.802,0.198
"897",0.82,0.18
"898",0.858,0.142
"899",0.976,0.024
"900",0.966,0.034
"901",0.998,0.002
"902",0.284,0.716
"903",0.924,0.076
"904",0.764,0.236
"905",0.826,0.174
"906",0.788,0.212
"907",0.398,0.602
"908",0.974,0.026
"909",0.966,0.034
"910",0.932,0.068
"911",0.906,0.094
"912",0.354,0.646
"913",0.934,0.066
"914",0.968,0.032
"915",0.074,0.926
"916",0.852,0.148
"917",0.996,0.004
"918",0.536,0.464
"919",0.78,0.22
"920",0.888,0.112
"921",0.86,0.14
"922",0.958,0.042
"923",0.99,0.01
"924",0.948,0.052
"925",0.468,0.532
"926",0.842,0.158
"927",0.854,0.146
"928",0.984,0.016
"929",0.942,0.058
"930",0.198,0.802
"931",0.926,0.074
"932",0.822,0.178
"933",0.826,0.174
"934",0.96,0.04
"935",0.942,0.058
"936",0.87,0.13
"937",0.636,0.364
"938",0.952,0.048
"939",0.984,0.016
"940",0.246,0.754
"941",0.926,0.074
"942",0.752,0.248
"943",0.016,0.984
"944",0.854,0.146
"945",0.966,0.034
"946",0.922,0.078
"947",0.98,0.02
"948",0.908,0.092
"949",0.744,0.256
"950",0.958,0.042
"951",0.684,0.316
"952",0.516,0.484
"953",0.952,0.048
"954",0.938,0.062
"955",0.946,0.054
"956",0.872,0.128
"957",0.444,0.556
"958",0.968,0.032
"959",0.928,0.072
"960",0.988,0.012
"961",0.85,0.15
"962",0.994,0.006
"963",0.894,0.106
"964",0.948,0.052
"965",0.982,0.018
"966",0.976,0.024
"967",0.968,0.032
"968",0.75,0.25
"969",0.472,0.528
"970",0.186,0.814
"971",0.812,0.188
"972",0.98,0.02
"973",0.986,0.014
"974",0.49,0.51
"975",0.906,0.094
"976",0.584,0.416
"977",0.352,0.648
"978",0.572,0.428
"979",0.404,0.596
"980",0.858,0.142
"981",0.81,0.19
"982",0.382,0.618
"983",0.002,0.998
"984",0.434,0.566
"985",0.132,0.868
"986",0.96,0.04
"987",0.968,0.032
"988",0.86,0.14
"989",0.714,0.286
"990",0.668,0.332
"991",0.918,0.082
"992",0.824,0.176
"993",0.56,0.44
"994",0.926,0.074
"995",0.926,0.074
"996",0.97,0.03
"997",0.892,0.108
"998",0.98,0.02
"999",0.97,0.03
"1000",0.19,0.81
"1001",0.988,0.012
"1002",0.846,0.154
"1003",0.64,0.36
"1004",0.696,0.304
"1005",0.8,0.2
"1006",1,0
"1007",0.87,0.13
"1008",0.514,0.486
"1009",0.81,0.19
"1010",0.046,0.954
"1011",0.994,0.006
"1012",0.734,0.266
"1013",0.698,0.302
"1014",0.846,0.154
"1015",0.952,0.048
"1016",0.976,0.024
"1017",0.952,0.048
"1018",0.364,0.636
"1019",0.936,0.064
"1020",0.958,0.042
"1021",0.812,0.188
"1022",0.88,0.12
"1023",0.992,0.008
"1024",0.988,0.012
"1025",0.962,0.038
"1026",0.968,0.032
"1027",0.898,0.102
"1028",0.924,0.076
"1029",0.772,0.228
"1030",0.076,0.924
"1031",0.976,0.024
"1032",0.974,0.026
"1033",0.906,0.094
"1034",0.562,0.438
"1035",0.416,0.584
"1036",0.908,0.092
"1037",0.908,0.092
"1038",0.962,0.038
"1039",0.95,0.05
"1040",0.666,0.334
"1041",0.942,0.058
"1042",0.926,0.074
"1043",0.548,0.452
"1044",0.968,0.032
"1045",0.914,0.086
"1046",0.9,0.1
"1047",0.348,0.652
"1048",0.994,0.006
"1049",0.962,0.038
"1050",0.992,0.008
"1051",0.956,0.044
"1052",0.948,0.052
"1053",0.144,0.856
"1054",0.59,0.41
"1055",0.966,0.034
"1056",0.976,0.024
"1057",0.078,0.922
"1058",0.908,0.092
"1059",0.362,0.638
"1060",0.344,0.656
"1061",0.356,0.644
"1062",0.86,0.14
"1063",0.988,0.012
"1064",0.95,0.05
"1065",0.926,0.074
"1066",1,0
"1067",0.87,0.13
"1068",0.78,0.22
"1069",0.958,0.042
"1070",0.88,0.12
"1071",0.86,0.14
"1072",0.042,0.958
"1073",0,1
"1074",0.042,0.958
"1075",0.988,0.012
"1076",0.122,0.878
"1077",0.902,0.098
"1078",0.972,0.028
"1079",0.034,0.966
"1080",0.982,0.018
"1081",0.256,0.744
"1082",0.99,0.01
"1083",0.78,0.22
"1084",0.926,0.074
"1085",0.972,0.028
"1086",0.88,0.12
"1087",0.962,0.038
"1088",0.92,0.08
"1089",0.5,0.5
"1090",0.838,0.162
"1091",0.326,0.674
"1092",0.872,0.128
"1093",0.858,0.142
"1094",0.126,0.874
"1095",0.856,0.144
"1096",0.718,0.282
"1097",0.98,0.02
"1098",0.668,0.332
"1099",0.918,0.082
"1100",0.934,0.066
"1101",0.94,0.06
"1102",1,0
"1103",0.334,0.666
"1104",0.476,0.524
"1105",0.964,0.036
"1106",0.838,0.162
"1107",0.02,0.98
"1108",0.878,0.122
"1109",0.992,0.008
"1110",0.998,0.002
"1111",0.952,0.048
"1112",0.918,0.082
"1113",0,1
"1114",0.01,0.99
"1115",0.958,0.042
"1116",0.784,0.216
"1117",0.84,0.16
"1118",0.87,0.13
"1119",0.048,0.952
"1120",0.916,0.084
"1121",0.948,0.052
"1122",0.99,0.01
"1123",0.992,0.008
"1124",0.99,0.01
"1125",0.954,0.046
"1126",0.284,0.716
"1127",0.982,0.018
"1128",0.698,0.302
"1129",0.976,0.024
"1130",0.406,0.594
"1131",0.994,0.006
"1132",0.984,0.016
"1133",0.47,0.53
"1134",0.82,0.18
"1135",0.37,0.63
"1136",0.97,0.03
"1137",0.88,0.12
"1138",0.554,0.446
"1139",0.108,0.892
"1140",0.966,0.034
"1141",0.9,0.1
"1142",0.986,0.014
"1143",0.996,0.004
"1144",0.91,0.09
"1145",0.758,0.242
"1146",0.956,0.044
"1147",0.762,0.238
"1148",0.772,0.228
"1149",0.808,0.192
"1150",0.002,0.998
"1151",0.986,0.014
"1152",0.496,0.504
"1153",0.898,0.102
"1154",0.938,0.062
"1155",0.968,0.032
"1156",0.93,0.07
"1157",0.546,0.454
"1158",0.97,0.03
"1159",0.966,0.034
"1160",0.972,0.028
"1161",0.594,0.406
"1162",0.29,0.71
"1163",0,1
"1164",0.004,0.996
"1165",0.946,0.054
"1166",0.048,0.952
"1167",0.812,0.188
"1168",0.968,0.032
"1169",0.64,0.36
"1170",0.482,0.518
"1171",0.91,0.09
"1172",0.964,0.036
"1173",1,0
"1174",0.948,0.052
"1175",0.932,0.068
"1176",0.946,0.054
"1177",0.616,0.384
"1178",0.928,0.072
"1179",0.154,0.846
"1180",0.908,0.092
"1181",0.986,0.014
"1182",0.486,0.514
"1183",0.974,0.026
"1184",0.516,0.484
"1185",0.188,0.812
"1186",0.866,0.134
"1187",1,0
"1188",0.252,0.748
"1189",0.972,0.028
"1190",0.932,0.068
"1191",0.896,0.104
"1192",0.614,0.386
"1193",0.67,0.33
"1194",0.012,0.988
"1195",0.954,0.046
"1196",0.902,0.098
"1197",0.946,0.054
"1198",0.952,0.048
"1199",0.028,0.972
"1200",0.012,0.988
"1201",1,0
"1202",0.618,0.382
"1203",0.6,0.4
"1204",0.874,0.126
"1205",0.15,0.85
"1206",0.842,0.158
"1207",0.834,0.166
"1208",0.824,0.176
"1209",0.284,0.716
"1210",0.246,0.754
"1211",0.212,0.788
"1212",0.994,0.006
"1213",0.4,0.6
"1214",0.04,0.96
"1215",0.964,0.036
"1216",0.828,0.172
"1217",0.342,0.658
"1218",0.802,0.198
"1219",0.496,0.504
"1220",0.422,0.578
"1221",0.008,0.992
"1222",0.966,0.034
"1223",0.898,0.102
"1224",0.942,0.058
"1225",0.908,0.092
"1226",0.656,0.344
"1227",0.894,0.106
"1228",0.332,0.668
"1229",1,0
"1230",0.976,0.024
"1231",0.986,0.014
"1232",0.984,0.016
"1233",0.9,0.1
"1234",0.824,0.176
"1235",0.928,0.072
"1236",0.98,0.02
"1237",0.968,0.032
"1238",0.984,0.016
"1239",0.976,0.024
"1240",0.882,0.118
"1241",0.004,0.996
"1242",0,1
"1243",0.21,0.79
"1244",0.99,0.01
"1245",0.99,0.01
"1246",0.994,0.006
"1247",0.564,0.436
"1248",0.956,0.044
"1249",0.96,0.04
"1250",0.856,0.144
"1251",0.968,0.032
"1252",0.964,0.036
"1253",0.822,0.178
"1254",0.978,0.022
"1255",0.974,0.026
"1256",0.666,0.334
"1257",0.958,0.042
"1258",0.784,0.216
"1259",0.986,0.014
"1260",0.852,0.148
"1261",0.998,0.002
"1262",0.976,0.024
"1263",0.964,0.036
"1264",0.008,0.992
"1265",0.98,0.02
"1266",0.834,0.166
"1267",0.928,0.072
"1268",0.488,0.512
"1269",0.324,0.676
"1270",0.468,0.532
"1271",0.938,0.062
"1272",0.526,0.474
"1273",0.24,0.76
"1274",0.992,0.008
"1275",0.956,0.044
"1276",0.992,0.008
"1277",0.436,0.564
"1278",0.888,0.112
"1279",0.808,0.192
"1280",0.018,0.982
"1281",0.986,0.014
"1282",0.914,0.086
"1283",0.626,0.374
"1284",0.956,0.044
"1285",0.428,0.572
"1286",0.912,0.088
"1287",0.978,0.022
"1288",0.676,0.324
"1289",0.964,0.036
"1290",0.894,0.106
"1291",0.53,0.47
"1292",0.836,0.164
"1293",0.888,0.112
"1294",0.012,0.988
"1295",0.818,0.182
"1296",0.95,0.05
"1297",0.734,0.266
"1298",0.86,0.14
"1299",0.982,0.018
"1300",0.874,0.126
"1301",0.358,0.642
"1302",0.906,0.094
"1303",0.022,0.978
"1304",0,1
"1305",0.648,0.352
"1306",0.984,0.016
"1307",0.65,0.35
"1308",0.58,0.42
"1309",0.97,0.03
"1310",0,1
"1311",0.754,0.246
"1312",0.804,0.196
"1313",0.888,0.112
"1314",0,1
"1315",0.65,0.35
"1316",0.896,0.104
"1317",0.996,0.004
"1318",0.928,0.072
"1319",0.25,0.75
"1320",0.97,0.03
"1321",0.018,0.982
"1322",0.966,0.034
"1323",0.068,0.932
"1324",0.896,0.104
"1325",0.002,0.998
"1326",0.934,0.066
"1327",0.932,0.068
"1328",0.648,0.352
"1329",0.928,0.072
"1330",0.944,0.056
"1331",0.926,0.074
"1332",0.848,0.152
"1333",0.984,0.016
"1334",0.672,0.328
"1335",0.564,0.436
"1336",0.12,0.88
"1337",0.986,0.014
"1338",0.962,0.038
"1339",0.906,0.094
"1340",0.764,0.236
"1341",0.87,0.13
"1342",0.004,0.996
"1343",0.036,0.964
"1344",0.936,0.064
"1345",0.824,0.176
"1346",0.336,0.664
"1347",0.968,0.032
"1348",0.998,0.002
"1349",0.99,0.01
"1350",0,1
"1351",0.552,0.448
"1352",0.054,0.946
"1353",0.992,0.008
"1354",0.022,0.978
"1355",0.42,0.58
"1356",0.942,0.058
"1357",0.04,0.96
"1358",0,1
"1359",0.964,0.036
"1360",0.954,0.046
"1361",0.78,0.22
"1362",0.922,0.078
"1363",0.944,0.056
"1364",0.912,0.088
"1365",0.986,0.014
"1366",0.798,0.202
"1367",0.89,0.11
"1368",0.988,0.012
"1369",0.978,0.022
"1370",0.924,0.076
"1371",0.838,0.162
"1372",0.974,0.026
"1373",0.78,0.22
"1374",0.99,0.01
"1375",0.81,0.19
"1376",0.684,0.316
"1377",0.042,0.958
"1378",0.994,0.006
"1379",0.896,0.104
"1380",0.376,0.624
"1381",0.874,0.126
"1382",0.954,0.046
"1383",0.892,0.108
"1384",0.948,0.052
"1385",0.852,0.148
"1386",0.846,0.154
"1387",0.98,0.02
"1388",0.984,0.016
"1389",0.952,0.048
"1390",0.814,0.186
"1391",0.646,0.354
"1392",0.986,0.014
"1393",0.902,0.098
"1394",0.964,0.036
"1395",0.99,0.01
"1396",0.966,0.034
"1397",0.374,0.626
"1398",0.996,0.004
"1399",0.27,0.73
"1400",0.518,0.482
"1401",0.362,0.638
"1402",0.97,0.03
"1403",0.368,0.632
"1404",0.698,0.302
"1405",0.924,0.076
"1406",0.58,0.42
"1407",0.03,0.97
"1408",0.948,0.052
"1409",0.818,0.182
"1410",0.768,0.232
"1411",0.97,0.03
"1412",0.984,0.016
"1413",0.752,0.248
"1414",0,1
"1415",0.868,0.132
"1416",0.966,0.034
"1417",0.002,0.998
"1418",0.924,0.076
"1419",0.844,0.156
"1420",0.952,0.048
"1421",0.996,0.004
"1422",0.91,0.09
"1423",0.986,0.014
"1424",0.966,0.034
"1425",0.748,0.252
"1426",0.17,0.83
"1427",0.782,0.218
"1428",0.984,0.016
"1429",0.712,0.288
"1430",0.996,0.004
"1431",0.96,0.04
"1432",0.556,0.444
"1433",0.92,0.08
"1434",0.956,0.044
"1435",0.712,0.288
"1436",0.948,0.052
"1437",0.886,0.114
"1438",0.988,0.012
"1439",0.764,0.236
"1440",0.992,0.008
"1441",0.898,0.102
"1442",0.99,0.01
"1443",0.972,0.028
"1444",0.944,0.056
"1445",0.804,0.196
"1446",0.992,0.008
"1447",0.958,0.042
"1448",0.668,0.332
"1449",0.534,0.466
"1450",0.82,0.18
"1451",0.796,0.204
"1452",0.084,0.916
"1453",0.988,0.012
"1454",0.754,0.246
"1455",0.708,0.292
"1456",0.708,0.292
"1457",0.826,0.174
"1458",0.982,0.018
"1459",0.696,0.304
"1460",0.94,0.06
"1461",0.198,0.802
"1462",0.986,0.014
"1463",0.932,0.068
"1464",0.978,0.022
"1465",0.534,0.466
"1466",0.966,0.034
"1467",0.818,0.182
"1468",0.94,0.06
"1469",0.672,0.328
"1470",0.93,0.07
"1471",0.932,0.068
"1472",1,0
"1473",0.034,0.966
"1474",0.988,0.012
"1475",0.962,0.038
"1476",0.926,0.074
"1477",0.002,0.998
"1478",0.992,0.008
"1479",0.992,0.008
"1480",0.784,0.216
"1481",0.902,0.098
"1482",0.8,0.2
"1483",0.868,0.132
"1484",0.962,0.038
"1485",0.94,0.06
"1486",0.988,0.012
"1487",0.562,0.438
"1488",0.912,0.088
"1489",0.836,0.164
"1490",0.988,0.012
"1491",0.99,0.01
"1492",0.79,0.21
"1493",0.696,0.304
"1494",0.908,0.092
"1495",0.956,0.044
"1496",0.918,0.082
"1497",0.058,0.942
"1498",0.954,0.046
"1499",0.336,0.664
"1500",0.002,0.998
"1501",0.404,0.596
"1502",0.932,0.068
"1503",0.998,0.002
"1504",0.838,0.162
"1505",0.77,0.23
"1506",0.978,0.022
"1507",0.482,0.518
"1508",0.96,0.04
"1509",0.942,0.058
"1510",0.82,0.18
"1511",0.968,0.032
"1512",0.928,0.072
"1513",0.996,0.004
"1514",0.902,0.098
"1515",0.884,0.116
"1516",0.728,0.272
"1517",0.872,0.128
"1518",0.942,0.058
"1519",0.924,0.076
"1520",0.968,0.032
"1521",0.744,0.256
"1522",0.39,0.61
"1523",0.878,0.122
"1524",0.008,0.992
"1525",0.972,0.028
"1526",0.884,0.116
"1527",0.658,0.342
"1528",0.422,0.578
"1529",0.902,0.098
"1530",0.982,0.018
"1531",0.986,0.014
"1532",0.896,0.104
"1533",0.804,0.196
"1534",0.484,0.516
"1535",0.986,0.014
"1536",0.654,0.346
"1537",0.236,0.764
"1538",0.1,0.9
"1539",0.908,0.092
"1540",0.956,0.044
"1541",0.974,0.026
"1542",0.908,0.092
"1543",0.942,0.058
"1544",0.212,0.788
"1545",0.48,0.52
"1546",0.968,0.032
"1547",0.972,0.028
"1548",0.884,0.116
"1549",0.948,0.052
"1550",0.988,0.012
"1551",0.494,0.506
"1552",0.622,0.378
"1553",0.014,0.986
"1554",0.728,0.272
"1555",0.99,0.01
"1556",0.808,0.192
"1557",0.002,0.998
"1558",0.938,0.062
"1559",0.91,0.09
"1560",0.158,0.842
"1561",0.994,0.006
"1562",0.986,0.014
"1563",0.93,0.07
"1564",0.956,0.044
"1565",0.926,0.074
"1566",0.372,0.628
"1567",0.956,0.044
"1568",0.936,0.064
"1569",0.994,0.006
"1570",0.216,0.784
"1571",0.866,0.134
"1572",0.898,0.102
"1573",0.03,0.97
"1574",0.286,0.714
"1575",0.01,0.99
"1576",0.974,0.026
"1577",0.402,0.598
"1578",0.944,0.056
"1579",0.822,0.178
"1580",0.556,0.444
"1581",0.214,0.786
"1582",0.618,0.382
"1583",0.838,0.162
"1584",0.94,0.06
"1585",0.01,0.99
"1586",0.16,0.84
"1587",0.826,0.174
"1588",0.926,0.074
"1589",0.938,0.062
"1590",0.734,0.266
"1591",0.4,0.6
"1592",0.966,0.034
"1593",0.072,0.928
"1594",0.974,0.026
"1595",0.868,0.132
"1596",0.998,0.002
"1597",0.926,0.074
"1598",0.992,0.008
"1599",0.626,0.374
"1600",0.164,0.836
"1601",0.666,0.334
"1602",0.96,0.04
"1603",0.962,0.038
"1604",0.894,0.106
"1605",0.896,0.104
"1606",0.966,0.034
"1607",0.996,0.004
"1608",0.67,0.33
"1609",0.91,0.09
"1610",0.98,0.02
"1611",0.96,0.04
"1612",0.622,0.378
"1613",0.97,0.03
"1614",0.948,0.052
"1615",0.042,0.958
"1616",0.574,0.426
"1617",0.738,0.262
"1618",0.924,0.076
"1619",0.92,0.08
"1620",0.946,0.054
"1621",0.872,0.128
"1622",0.998,0.002
"1623",0.87,0.13
"1624",0.952,0.048
"1625",0.886,0.114
"1626",0.436,0.564
"1627",0.472,0.528
"1628",0.892,0.108
"1629",0.98,0.02
"1630",0.898,0.102
"1631",0.216,0.784
"1632",0.876,0.124
"1633",0.988,0.012
"1634",0.708,0.292
"1635",0.946,0.054
"1636",0.006,0.994
"1637",0.68,0.32
"1638",0.374,0.626
"1639",0.862,0.138
"1640",0.914,0.086
"1641",0.68,0.32
"1642",0.708,0.292
"1643",0.918,0.082
"1644",0.844,0.156
"1645",0.992,0.008
"1646",0.87,0.13
"1647",0.958,0.042
"1648",0.89,0.11
"1649",0.926,0.074
"1650",0.854,0.146
"1651",0.684,0.316
"1652",0.962,0.038
"1653",0.926,0.074
"1654",0.942,0.058
"1655",0.848,0.152
"1656",0.49,0.51
"1657",0.998,0.002
"1658",0.988,0.012
"1659",0.974,0.026
"1660",0.992,0.008
"1661",0.784,0.216
"1662",0.812,0.188
"1663",0.948,0.052
"1664",0.91,0.09
"1665",0.868,0.132
"1666",0.99,0.01
"1667",0.436,0.564
"1668",0.992,0.008
"1669",0.818,0.182
"1670",0.108,0.892
"1671",0.146,0.854
"1672",0.778,0.222
"1673",0.94,0.06
"1674",0.978,0.022
"1675",0.946,0.054
"1676",0.4,0.6
"1677",0.974,0.026
"1678",0.066,0.934
"1679",0.934,0.066
"1680",0.838,0.162
"1681",0.512,0.488
"1682",0.018,0.982
"1683",0.956,0.044
"1684",0.994,0.006
"1685",0.52,0.48
"1686",0.734,0.266
"1687",0.482,0.518
"1688",0.806,0.194
"1689",0.898,0.102
"1690",0.916,0.084
"1691",0.366,0.634
"1692",0.706,0.294
"1693",0.37,0.63
"1694",0.986,0.014
"1695",0.794,0.206
"1696",0.82,0.18
"1697",0.062,0.938
"1698",0.952,0.048
"1699",0.944,0.056
"1700",0.898,0.102
"1701",0.3,0.7
"1702",0.528,0.472
"1703",0.67,0.33
"1704",0.962,0.038
"1705",0.774,0.226
"1706",0.346,0.654
"1707",0.79,0.21
"1708",0.976,0.024
"1709",0.936,0.064
"1710",0.272,0.728
"1711",0.652,0.348
"1712",0.972,0.028
"1713",0.868,0.132
"1714",0.99,0.01
"1715",0.01,0.99
"1716",0.972,0.028
"1717",0.188,0.812
"1718",0.358,0.642
"1719",0.94,0.06
"1720",0.968,0.032
"1721",0.878,0.122
"1722",0.926,0.074
"1723",0.964,0.036
"1724",0.992,0.008
"1725",0.894,0.106
"1726",0.684,0.316
"1727",0.992,0.008
"1728",0.998,0.002
"1729",0.932,0.068
"1730",0.958,0.042
"1731",0.914,0.086
"1732",0.924,0.076
"1733",0.958,0.042
"1734",0.728,0.272
"1735",0.792,0.208
"1736",1,0
"1737",0.976,0.024
"1738",0.964,0.036
"1739",0.95,0.05
"1740",0.986,0.014
"1741",0.382,0.618
"1742",0.656,0.344
"1743",0.982,0.018
"1744",0.994,0.006
"1745",0.59,0.41
"1746",0.84,0.16
"1747",0.716,0.284
"1748",0.468,0.532
"1749",0.978,0.022
"1750",0.974,0.026
"1751",0.98,0.02
"1752",0.996,0.004
"1753",0.57,0.43
"1754",0.184,0.816
"1755",0.89,0.11
"1756",0.986,0.014
"1757",0.99,0.01
"1758",0.784,0.216
"1759",0.628,0.372
"1760",0.828,0.172
"1761",0.354,0.646
"1762",0.92,0.08
"1763",0.97,0.03
"1764",0.52,0.48
"1765",0.972,0.028
"1766",0.712,0.288
"1767",0.932,0.068
"1768",0.78,0.22
"1769",0.854,0.146
"1770",0.938,0.062
"1771",0.992,0.008
"1772",0.678,0.322
"1773",0.95,0.05
"1774",0.958,0.042
"1775",1,0
"1776",0.45,0.55
"1777",0.966,0.034
"1778",0.954,0.046
"1779",0.178,0.822
"1780",0.512,0.488
"1781",0.992,0.008
"1782",0.26,0.74
"1783",0.97,0.03
"1784",0.838,0.162
"1785",0.944,0.056
"1786",0.756,0.244
"1787",0.924,0.076
"1788",0.988,0.012
"1789",0.924,0.076
"1790",0.914,0.086
"1791",0.814,0.186
"1792",0.984,0.016
"1793",0.81,0.19
"1794",0.534,0.466
"1795",0.892,0.108
"1796",0.964,0.036
"1797",0.902,0.098
"1798",0,1
"1799",0.948,0.052
"1800",0.94,0.06
"1801",0.932,0.068
"1802",0.854,0.146
"1803",0.932,0.068
"1804",0.92,0.08
"1805",0.946,0.054
"1806",0.972,0.028
"1807",0.784,0.216
"1808",0.984,0.016
"1809",0.45,0.55
"1810",0.96,0.04
"1811",0.006,0.994
"1812",0.178,0.822
"1813",0.41,0.59
"1814",0.936,0.064
"1815",0.976,0.024
"1816",0.608,0.392
"1817",0.998,0.002
"1818",0.924,0.076
"1819",0.622,0.378
"1820",0.724,0.276
"1821",0.69,0.31
"1822",0.258,0.742
"1823",0.57,0.43
"1824",0.998,0.002
"1825",0.96,0.04
"1826",0.98,0.02
"1827",0.886,0.114
"1828",0.212,0.788
"1829",0.878,0.122
"1830",0.924,0.076
"1831",0.886,0.114
"1832",0.978,0.022
"1833",0.948,0.052
"1834",0.648,0.352
"1835",0.086,0.914
"1836",0.864,0.136
"1837",0.956,0.044
"1838",0.986,0.014
"1839",0.884,0.116
"1840",0.992,0.008
"1841",0.932,0.068
"1842",0.948,0.052
"1843",0.946,0.054
"1844",0.918,0.082
"1845",0.016,0.984
"1846",0.892,0.108
"1847",0.946,0.054
"1848",0.97,0.03
"1849",0.98,0.02
"1850",0.97,0.03
"1851",0.876,0.124
"1852",0.002,0.998
"1853",0.96,0.04
"1854",0.89,0.11
"1855",0.946,0.054
"1856",0,1
"1857",0.28,0.72
"1858",0.556,0.444
"1859",0.212,0.788
"1860",0.152,0.848
"1861",0.726,0.274
"1862",0.964,0.036
"1863",0.964,0.036
"1864",0.998,0.002
"1865",0.006,0.994
"1866",0.286,0.714
"1867",0.858,0.142
"1868",0.284,0.716
"1869",0.974,0.026
"1870",0.818,0.182
"1871",0.682,0.318
"1872",0.338,0.662
"1873",0.574,0.426
"1874",0.51,0.49
"1875",1,0
"1876",0.816,0.184
"1877",0.838,0.162
"1878",0.568,0.432
"1879",0.91,0.09
"1880",0.966,0.034
"1881",0.904,0.096
"1882",0.652,0.348
"1883",0.856,0.144
"1884",0.952,0.048
"1885",0.008,0.992
"1886",0.952,0.048
"1887",0.892,0.108
"1888",0.868,0.132
"1889",0.846,0.154
"1890",1,0
"1891",0.938,0.062
"1892",0.966,0.034
"1893",0.976,0.024
"1894",0.988,0.012
"1895",0.904,0.096
"1896",0.956,0.044
"1897",0.956,0.044
"1898",0.958,0.042
"1899",0.996,0.004
"1900",0.948,0.052
"1901",0.534,0.466
"1902",0.828,0.172
"1903",0.976,0.024
"1904",0.572,0.428
"1905",0.848,0.152
"1906",0.302,0.698
"1907",0.996,0.004
"1908",0.892,0.108
"1909",0.488,0.512
"1910",0.874,0.126
"1911",0.946,0.054
"1912",0.96,0.04
"1913",0.84,0.16
"1914",0.944,0.056
"1915",0.882,0.118
"1916",0.118,0.882
"1917",0.956,0.044
"1918",0.938,0.062
"1919",0.748,0.252
"1920",0.968,0.032
"1921",0.272,0.728
"1922",0.532,0.468
"1923",0,1
"1924",0.31,0.69
"1925",0.44,0.56
"1926",0.962,0.038
"1927",0.884,0.116
"1928",0.91,0.09
"1929",0.98,0.02
"1930",0.05,0.95
"1931",0.97,0.03
"1932",0.968,0.032
"1933",0.82,0.18
"1934",0,1
"1935",0.914,0.086
"1936",0.244,0.756
"1937",0.68,0.32
"1938",0.61,0.39
"1939",0.942,0.058
"1940",0.804,0.196
"1941",0.85,0.15
"1942",0.972,0.028
"1943",0.746,0.254
"1944",0.962,0.038
"1945",0.3,0.7
"1946",0.992,0.008
"1947",0.978,0.022
"1948",0.508,0.492
"1949",0,1
"1950",0.964,0.036
"1951",0.934,0.066
"1952",0.992,0.008
"1953",0.932,0.068
"1954",0.892,0.108
"1955",0.994,0.006
"1956",0.076,0.924
"1957",0.95,0.05
"1958",0.948,0.052
"1959",0.936,0.064
"1960",0.98,0.02
"1961",0.822,0.178
"1962",0.806,0.194
"1963",0.95,0.05
"1964",0.014,0.986
"1965",0.742,0.258
"1966",0.988,0.012
"1967",0.962,0.038
"1968",0.928,0.072
"1969",0.992,0.008
"1970",0.994,0.006
"1971",0.96,0.04
"1972",0.932,0.068
"1973",0.95,0.05
"1974",0.866,0.134
"1975",0.676,0.324
"1976",0.952,0.048
"1977",0.884,0.116
"1978",0.492,0.508
"1979",0.258,0.742
"1980",0.964,0.036
"1981",0.374,0.626
"1982",0.026,0.974
"1983",0.312,0.688
"1984",0.904,0.096
"1985",0.966,0.034
"1986",0.02,0.98
"1987",0.796,0.204
"1988",0.948,0.052
"1989",0.988,0.012
"1990",0.992,0.008
"1991",0.974,0.026
"1992",0.66,0.34
"1993",0.93,0.07
"1994",0.952,0.048
"1995",0.018,0.982
"1996",0.166,0.834
"1997",0.792,0.208
"1998",0.824,0.176
"1999",0.896,0.104
"2000",0.85,0.15
"2001",0.728,0.272
"2002",0.916,0.084
"2003",0.714,0.286
"2004",0.95,0.05
"2005",0.938,0.062
"2006",0.924,0.076
"2007",0.364,0.636
"2008",0.614,0.386
"2009",0.694,0.306
"2010",0.5,0.5
"2011",0.954,0.046
"2012",0.996,0.004
"2013",0.938,0.062
"2014",0.422,0.578
"2015",0.148,0.852
"2016",0.94,0.06
"2017",0.924,0.076
"2018",0.998,0.002
"2019",0.302,0.698
"2020",0.966,0.034
"2021",0.93,0.07
"2022",0.702,0.298
"2023",0.934,0.066
"2024",0.958,0.042
"2025",0.856,0.144
"2026",0.882,0.118
"2027",0.018,0.982
"2028",0.776,0.224
"2029",0.93,0.07
"2030",0.642,0.358
"2031",0.924,0.076
"2032",0.964,0.036
"2033",0.914,0.086
"2034",0.93,0.07
"2035",0.962,0.038
"2036",0.704,0.296
"2037",0.88,0.12
"2038",0.96,0.04
"2039",0.914,0.086
"2040",0.954,0.046
"2041",0.982,0.018
"2042",0.842,0.158
"2043",0.89,0.11
"2044",0.864,0.136
"2045",0,1
"2046",0.95,0.05
"2047",0.946,0.054
"2048",0.5,0.5
"2049",0.156,0.844
"2050",0.998,0.002
"2051",0.85,0.15
"2052",0.874,0.126
"2053",0.952,0.048
"2054",0.942,0.058
"2055",0.352,0.648
"2056",0.862,0.138
"2057",0.892,0.108
"2058",0.196,0.804
"2059",0.286,0.714
"2060",0.97,0.03
"2061",0.996,0.004
"2062",0.852,0.148
"2063",0.984,0.016
"2064",0.004,0.996
"2065",0.464,0.536
"2066",0.99,0.01
"2067",0.942,0.058
"2068",0.74,0.26
"2069",0.012,0.988
"2070",0.992,0.008
"2071",0.806,0.194
"2072",0.946,0.054
"2073",0.504,0.496
"2074",0.922,0.078
"2075",0.882,0.118
"2076",0.89,0.11
"2077",0.796,0.204
"2078",0.896,0.104
"2079",0.946,0.054
"2080",0.946,0.054
"2081",0.862,0.138
"2082",0.914,0.086
"2083",0.958,0.042
"2084",0.95,0.05
"2085",0,1
"2086",0.876,0.124
"2087",0.922,0.078
"2088",0.966,0.034
"2089",0.682,0.318
"2090",0.824,0.176
"2091",0.97,0.03
"2092",0.544,0.456
"2093",0.944,0.056
"2094",0.412,0.588
"2095",0.818,0.182
"2096",0.97,0.03
"2097",0.492,0.508
"2098",0.9,0.1
"2099",0.978,0.022
"2100",0.794,0.206
"2101",0.902,0.098
"2102",0.986,0.014
"2103",0.874,0.126
"2104",0.14,0.86
"2105",0.788,0.212
"2106",0.344,0.656
"2107",0.98,0.02
"2108",0.972,0.028
"2109",0.85,0.15
"2110",0.26,0.74
"2111",0.922,0.078
"2112",0,1
"2113",0.76,0.24
"2114",0.98,0.02
"2115",0.852,0.148
"2116",0.004,0.996
"2117",0.022,0.978
"2118",0.78,0.22
"2119",0.948,0.052
"2120",0.992,0.008
"2121",0.962,0.038
"2122",0.352,0.648
"2123",0.958,0.042
"2124",0.006,0.994
"2125",0.782,0.218
"2126",0.978,0.022
"2127",0.946,0.054
"2128",0.936,0.064
"2129",0.002,0.998
"2130",0.938,0.062
"2131",0.192,0.808
"2132",0.916,0.084
"2133",0.78,0.22
"2134",0.658,0.342
"2135",0.596,0.404
"2136",0.904,0.096
"2137",0.476,0.524
"2138",0.99,0.01
"2139",0.444,0.556
"2140",0.958,0.042
"2141",0.894,0.106
"2142",0.936,0.064
"2143",0.116,0.884
"2144",0.63,0.37
"2145",0.888,0.112
"2146",0.996,0.004
"2147",0.77,0.23
"2148",0.93,0.07
"2149",0.794,0.206
"2150",0.966,0.034
"2151",0.606,0.394
"2152",0.418,0.582
"2153",0.866,0.134
"2154",0.204,0.796
"2155",0.688,0.312
"2156",0.876,0.124
"2157",0.188,0.812
"2158",0.208,0.792
"2159",0.988,0.012
"2160",0.91,0.09
"2161",0.872,0.128
"2162",0.906,0.094
"2163",0.992,0.008
"2164",0.794,0.206
"2165",0.01,0.99
"2166",0.36,0.64
"2167",0.786,0.214
"2168",0.876,0.124
"2169",0.64,0.36
"2170",0.744,0.256
"2171",0.882,0.118
"2172",0.97,0.03
"2173",0.908,0.092
"2174",0.098,0.902
"2175",0.83,0.17
"2176",0.542,0.458
"2177",1,0
"2178",0.942,0.058
"2179",0.976,0.024
"2180",0.718,0.282
"2181",0.88,0.12
"2182",0.952,0.048
"2183",0.928,0.072
"2184",0.97,0.03
"2185",0.986,0.014
"2186",0.954,0.046
"2187",0.854,0.146
"2188",0.522,0.478
"2189",0.022,0.978
"2190",0.678,0.322
"2191",0.962,0.038
"2192",0.818,0.182
"2193",0.608,0.392
"2194",0.908,0.092
"2195",0.734,0.266
"2196",0.94,0.06
"2197",0.96,0.04
"2198",0.994,0.006
"2199",0.938,0.062
"2200",0.334,0.666
"2201",0.914,0.086
"2202",0.016,0.984
"2203",0.9,0.1
"2204",0.984,0.016
"2205",0.916,0.084
"2206",0.984,0.016
"2207",0.982,0.018
"2208",0.182,0.818
"2209",0.662,0.338
"2210",0.974,0.026
"2211",0.898,0.102
"2212",0.506,0.494
"2213",0.598,0.402
"2214",0.886,0.114
"2215",0.99,0.01
"2216",0.846,0.154
"2217",0.988,0.012
"2218",0.888,0.112
"2219",0.954,0.046
"2220",0.978,0.022
"2221",0.968,0.032
"2222",0.978,0.022
"2223",0.978,0.022
"2224",0.528,0.472
"2225",0.832,0.168
"2226",0.22,0.78
"2227",0.966,0.034
"2228",0.876,0.124
"2229",0.256,0.744
"2230",0.876,0.124
"2231",1,0
"2232",0.976,0.024
"2233",0.938,0.062
"2234",0.984,0.016
"2235",0.068,0.932
"2236",0.96,0.04
"2237",0.994,0.006
"2238",0.928,0.072
"2239",0.988,0.012
"2240",0.926,0.074
"2241",0.892,0.108
"2242",0.974,0.026
"2243",0.962,0.038
"2244",0.964,0.036
"2245",0.96,0.04
"2246",0.898,0.102
"2247",0.852,0.148
"2248",0.888,0.112
"2249",0.926,0.074
"2250",0.46,0.54
"2251",0.588,0.412
"2252",0.974,0.026
"2253",0.97,0.03
"2254",0.024,0.976
"2255",0.86,0.14
"2256",0.968,0.032
"2257",0.748,0.252
"2258",0.002,0.998
"2259",0.782,0.218
"2260",0.912,0.088
"2261",1,0
"2262",0.754,0.246
"2263",0.48,0.52
"2264",0.966,0.034
"2265",0.79,0.21
"2266",0.904,0.096
"2267",0.826,0.174
"2268",0.674,0.326
"2269",0.994,0.006
"2270",0.798,0.202
"2271",0.968,0.032
"2272",0.914,0.086
"2273",0.252,0.748
"2274",0.056,0.944
"2275",0.722,0.278
"2276",0.02,0.98
"2277",0.366,0.634
"2278",0.876,0.124
"2279",0.7,0.3
"2280",0.842,0.158
"2281",0.81,0.19
"2282",0.902,0.098
"2283",0.896,0.104
"2284",0.982,0.018
"2285",0.818,0.182
"2286",0.944,0.056
"2287",0.19,0.81
"2288",0.964,0.036
"2289",0.006,0.994
"2290",0.992,0.008
"2291",0.004,0.996
"2292",0.986,0.014
"2293",0.926,0.074
"2294",0.83,0.17
"2295",0.92,0.08
"2296",0.986,0.014
"2297",0.924,0.076
"2298",0.784,0.216
"2299",0.846,0.154
"2300",0.372,0.628
"2301",0.878,0.122
"2302",0.686,0.314
"2303",0.888,0.112
"2304",0.9,0.1
"2305",0.96,0.04
"2306",0.952,0.048
"2307",0.998,0.002
"2308",0.016,0.984
"2309",0.002,0.998
"2310",0.974,0.026
"2311",0.994,0.006
"2312",0,1
"2313",0.99,0.01
"2314",0.898,0.102
"2315",0.882,0.118
"2316",0.82,0.18
"2317",0.948,0.052
"2318",0.698,0.302
"2319",0.872,0.128
"2320",0.388,0.612
"2321",0.986,0.014
"2322",0.964,0.036
"2323",0.744,0.256
"2324",0.95,0.05
"2325",0.002,0.998
"2326",0.876,0.124
"2327",0.992,0.008
"2328",0.956,0.044
"2329",0.848,0.152
"2330",0.992,0.008
"2331",0.982,0.018
"2332",0.982,0.018
"2333",0.698,0.302
"2334",0.95,0.05
"2335",0.998,0.002
"2336",0.584,0.416
"2337",0.916,0.084
"2338",0.982,0.018
"2339",0.644,0.356
"2340",0.97,0.03
"2341",0.876,0.124
"2342",0.934,0.066
"2343",0.982,0.018
"2344",0.468,0.532
"2345",0.02,0.98
"2346",0.916,0.084
"2347",0.968,0.032
"2348",0.922,0.078
"2349",0.88,0.12
"2350",0.92,0.08
"2351",0.434,0.566
"2352",0.852,0.148
"2353",0.238,0.762
"2354",0.866,0.134
"2355",0.948,0.052
"2356",0.996,0.004
"2357",0,1
"2358",0.998,0.002
"2359",0.996,0.004
"2360",0.264,0.736
"2361",0.066,0.934
"2362",0.968,0.032
"2363",0.836,0.164
"2364",0.594,0.406
"2365",0.952,0.048
"2366",0.56,0.44
"2367",0.122,0.878
"2368",0.98,0.02
"2369",0.826,0.174
"2370",0.796,0.204
"2371",0.012,0.988
"2372",0.99,0.01
"2373",0.932,0.068
"2374",0.924,0.076
"2375",0.772,0.228
"2376",0.878,0.122
"2377",0.89,0.11
"2378",0.74,0.26
"2379",0.902,0.098
"2380",0.982,0.018
"2381",0.008,0.992
"2382",0.24,0.76
"2383",0.906,0.094
"2384",0.004,0.996
"2385",0.904,0.096
"2386",0.98,0.02
"2387",0.31,0.69
"2388",0.972,0.028
"2389",0.078,0.922
"2390",0.916,0.084
"2391",0.9,0.1
"2392",0.96,0.04
"2393",0.928,0.072
"2394",0.934,0.066
"2395",0.948,0.052
"2396",0.982,0.018
"2397",0.988,0.012
"2398",0.958,0.042
"2399",0.89,0.11
"2400",0.966,0.034
"2401",0.01,0.99
"2402",0.952,0.048
"2403",0.864,0.136
"2404",0,1
"2405",0.262,0.738
"2406",0.814,0.186
"2407",0.958,0.042
"2408",0.962,0.038
"2409",0.844,0.156
"2410",0.96,0.04
"2411",0.416,0.584
"2412",0.888,0.112
"2413",0.976,0.024
"2414",0.978,0.022
"2415",0.216,0.784
"2416",0.994,0.006
"2417",0.932,0.068
"2418",0.904,0.096
"2419",0.69,0.31
"2420",0.942,0.058
"2421",0.852,0.148
"2422",0.978,0.022
"2423",0.252,0.748
"2424",0.92,0.08
"2425",0.822,0.178
"2426",0.576,0.424
"2427",0.866,0.134
"2428",0.454,0.546
"2429",0.474,0.526
"2430",0.706,0.294
"2431",0.846,0.154
"2432",0.984,0.016
"2433",0.79,0.21
"2434",0.902,0.098
"2435",0.932,0.068
"2436",0.872,0.128
"2437",0.976,0.024
"2438",0.96,0.04
"2439",0.966,0.034
"2440",0.896,0.104
"2441",0.454,0.546
"2442",0.74,0.26
"2443",0.89,0.11
"2444",0.964,0.036
"2445",0.982,0.018
"2446",0.444,0.556
"2447",0.898,0.102
"2448",0.908,0.092
"2449",0.974,0.026
"2450",0.672,0.328
"2451",0.222,0.778
"2452",0.91,0.09
"2453",0.68,0.32
"2454",0.858,0.142
"2455",0.962,0.038
"2456",0.056,0.944
"2457",0.978,0.022
"2458",0.936,0.064
"2459",0.818,0.182
"2460",0.834,0.166
"2461",0.572,0.428
"2462",0.824,0.176
"2463",0.802,0.198
"2464",0.992,0.008
"2465",0.36,0.64
"2466",0.978,0.022
"2467",0.916,0.084
"2468",0.924,0.076
"2469",0.964,0.036
"2470",0.83,0.17
"2471",0.96,0.04
"2472",0.706,0.294
"2473",0.916,0.084
"2474",0.986,0.014
"2475",0.418,0.582
"2476",0.188,0.812
"2477",0.924,0.076
"2478",0.786,0.214
"2479",0.376,0.624
"2480",0.982,0.018
"2481",0.864,0.136
"2482",0.886,0.114
"2483",0.984,0.016
"2484",0.77,0.23
"2485",0.846,0.154
"2486",0.862,0.138
"2487",0.456,0.544
"2488",0.97,0.03
"2489",0.16,0.84
"2490",0.974,0.026
"2491",0.574,0.426
"2492",0.946,0.054
"2493",0.962,0.038
"2494",0.946,0.054
"2495",0.992,0.008
"2496",0.916,0.084
"2497",0.962,0.038
"2498",0.87,0.13
"2499",0.974,0.026
"2500",0.004,0.996
"2501",0.006,0.994
"2502",0.992,0.008
"2503",0.968,0.032
"2504",0.944,0.056
"2505",0.974,0.026
"2506",0.834,0.166
"2507",0.002,0.998
"2508",0.922,0.078
"2509",0.982,0.018
"2510",0.01,0.99
"2511",0.912,0.088
"2512",0.99,0.01
"2513",0.898,0.102
"2514",0.622,0.378
"2515",0.436,0.564
"2516",0.892,0.108
"2517",0.48,0.52
"2518",0.978,0.022
"2519",0.706,0.294
"2520",0.936,0.064
"2521",0.832,0.168
"2522",0.94,0.06
"2523",0.94,0.06
"2524",0.11,0.89
"2525",0.976,0.024
"2526",0.912,0.088
"2527",0.66,0.34
"2528",0.904,0.096
"2529",0.922,0.078
"2530",0.976,0.024
"2531",0.796,0.204
"2532",0.716,0.284
"2533",0.836,0.164
"2534",0.828,0.172
"2535",0.2,0.8
"2536",0.974,0.026
"2537",0.906,0.094
"2538",0.688,0.312
"2539",0.892,0.108
"2540",0.808,0.192
"2541",0.376,0.624
"2542",0.934,0.066
"2543",0.85,0.15
"2544",0.002,0.998
"2545",0.86,0.14
"2546",0.946,0.054
"2547",0.58,0.42
"2548",0.96,0.04
"2549",0,1
"2550",0.004,0.996
"2551",0.752,0.248
"2552",0.884,0.116
"2553",0.958,0.042
"2554",0.972,0.028
"2555",0.318,0.682
"2556",0.984,0.016
"2557",0.862,0.138
"2558",0.918,0.082
"2559",0.934,0.066
"2560",0.748,0.252
"2561",0.922,0.078
"2562",0.964,0.036
"2563",0.9,0.1
"2564",0.982,0.018
"2565",0.054,0.946
"2566",0.862,0.138
"2567",0,1
"2568",0.996,0.004
"2569",0.926,0.074
"2570",0.704,0.296
"2571",0.906,0.094
"2572",0.984,0.016
"2573",0.986,0.014
"2574",0.924,0.076
"2575",0.03,0.97
"2576",0.97,0.03
"2577",0.94,0.06
"2578",0.902,0.098
"2579",0.988,0.012
"2580",0.434,0.566
"2581",0.964,0.036
"2582",0.992,0.008
"2583",0.94,0.06
"2584",0.928,0.072
"2585",0.982,0.018
"2586",0.886,0.114
"2587",0.994,0.006
"2588",0.95,0.05
"2589",0.896,0.104
"2590",0.946,0.054
"2591",1,0
"2592",0.96,0.04
"2593",0.17,0.83
"2594",0.162,0.838
"2595",0.756,0.244
"2596",0.946,0.054
"2597",0.994,0.006
"2598",0.988,0.012
"2599",0.986,0.014
"2600",0.768,0.232
"2601",0.9,0.1
"2602",0.93,0.07
"2603",0.976,0.024
"2604",0.866,0.134
"2605",0.864,0.136
"2606",0.878,0.122
"2607",0.978,0.022
"2608",0.918,0.082
"2609",0.342,0.658
"2610",0.44,0.56
"2611",0.964,0.036
"2612",0.956,0.044
"2613",0.864,0.136
"2614",0.002,0.998
"2615",0.38,0.62
"2616",0.934,0.066
"2617",0.924,0.076
"2618",0.568,0.432
"2619",0.99,0.01
"2620",0.698,0.302
"2621",0.862,0.138
"2622",0.768,0.232
"2623",0.992,0.008
"2624",0.018,0.982
"2625",0.968,0.032
"2626",0.932,0.068
"2627",0.958,0.042
"2628",0.154,0.846
"2629",0.986,0.014
"2630",0.69,0.31
"2631",0.954,0.046
"2632",0.874,0.126
"2633",0.976,0.024
"2634",0.98,0.02
"2635",0.992,0.008
"2636",0.864,0.136
"2637",0.91,0.09
"2638",0.996,0.004
"2639",0.932,0.068
"2640",0.974,0.026
"2641",0.958,0.042
"2642",0.828,0.172
"2643",0.904,0.096
"2644",0.978,0.022
"2645",0.568,0.432
"2646",0.002,0.998
"2647",0.982,0.018
"2648",0.94,0.06
"2649",0.97,0.03
"2650",0.014,0.986
"2651",0.978,0.022
"2652",0.99,0.01
"2653",0.998,0.002
"2654",0.9,0.1
"2655",0.992,0.008
"2656",0.012,0.988
"2657",0.914,0.086
"2658",0.944,0.056
"2659",0.054,0.946
"2660",0.91,0.09
"2661",0.934,0.066
"2662",0.962,0.038
"2663",0.962,0.038
"2664",0.69,0.31
"2665",0.584,0.416
"2666",0.964,0.036
"2667",0.896,0.104
"2668",0.054,0.946
"2669",0.862,0.138
"2670",1,0
"2671",0.008,0.992
"2672",0.904,0.096
"2673",0.936,0.064
"2674",0.974,0.026
"2675",0.952,0.048
"2676",0.944,0.056
"2677",0.876,0.124
"2678",0.972,0.028
"2679",0.784,0.216
"2680",0.796,0.204
"2681",0.68,0.32
"2682",0.904,0.096
"2683",0.004,0.996
"2684",0.162,0.838
"2685",0.002,0.998
"2686",0.988,0.012
"2687",0.776,0.224
"2688",0.966,0.034
"2689",0.872,0.128
"2690",0.99,0.01
"2691",0.014,0.986
"2692",0.24,0.76
"2693",0.978,0.022
"2694",0.912,0.088
"2695",0.924,0.076
"2696",0.986,0.014
"2697",0.994,0.006
"2698",0.392,0.608
"2699",0.956,0.044
"2700",0.508,0.492
"2701",0.896,0.104
"2702",0.414,0.586
"2703",0.856,0.144
"2704",0.866,0.134
"2705",0.832,0.168
"2706",0.986,0.014
"2707",0.974,0.026
"2708",0.994,0.006
"2709",0.964,0.036
"2710",0.982,0.018
"2711",0.898,0.102
"2712",0.986,0.014
"2713",0.016,0.984
"2714",0.734,0.266
"2715",0.832,0.168
"2716",0.876,0.124
"2717",0.064,0.936
"2718",0.96,0.04
"2719",0.86,0.14
"2720",0.938,0.062
"2721",0.792,0.208
"2722",0.978,0.022
"2723",0.752,0.248
"2724",0.65,0.35
"2725",0.436,0.564
"2726",0.938,0.062
"2727",0.814,0.186
"2728",0.956,0.044
"2729",0.906,0.094
"2730",0.742,0.258
"2731",0.492,0.508
"2732",0.98,0.02
"2733",0.644,0.356
"2734",0.568,0.432
"2735",0.672,0.328
"2736",0.934,0.066
"2737",0.296,0.704
"2738",0.936,0.064
"2739",0.906,0.094
"2740",0.918,0.082
"2741",0.938,0.062
"2742",0.752,0.248
"2743",0.354,0.646
"2744",0.972,0.028
"2745",0.884,0.116
"2746",0.992,0.008
"2747",0.934,0.066
"2748",0.908,0.092
"2749",0.846,0.154
"2750",0.004,0.996
"2751",0.928,0.072
"2752",0.948,0.052
"2753",0.024,0.976
"2754",0.13,0.87
"2755",0.948,0.052
"2756",0.806,0.194
"2757",0.952,0.048
"2758",0.01,0.99
"2759",0.97,0.03
"2760",0.978,0.022
"2761",0.958,0.042
"2762",0.008,0.992
"2763",0.986,0.014
"2764",0.294,0.706
"2765",0.99,0.01
"2766",0.982,0.018
"2767",0,1
"2768",0.892,0.108
"2769",0.982,0.018
"2770",0.848,0.152
"2771",0,1
"2772",0.966,0.034
"2773",0.464,0.536
"2774",0.832,0.168
"2775",0.82,0.18
"2776",0.914,0.086
"2777",0.96,0.04
"2778",0.484,0.516
"2779",0.774,0.226
"2780",0.822,0.178
"2781",0.984,0.016
"2782",0.942,0.058
"2783",0.34,0.66
"2784",0.968,0.032
"2785",0.946,0.054
"2786",0.76,0.24
"2787",0.2,0.8
"2788",0.972,0.028
"2789",0.78,0.22
"2790",0.866,0.134
"2791",0.936,0.064
"2792",0.878,0.122
"2793",0.958,0.042
"2794",0.778,0.222
"2795",0.718,0.282
"2796",0.99,0.01
"2797",0.962,0.038
"2798",0.99,0.01
"2799",0.97,0.03
"2800",0.818,0.182
"2801",0.924,0.076
"2802",0.94,0.06
"2803",0.984,0.016
"2804",0.988,0.012
"2805",0.996,0.004
"2806",0.614,0.386
"2807",0.03,0.97
"2808",0.924,0.076
"2809",0.978,0.022
"2810",0.966,0.034
"2811",0.566,0.434
"2812",0.788,0.212
"2813",1,0
"2814",0.794,0.206
"2815",0.98,0.02
"2816",0.638,0.362
"2817",0.568,0.432
"2818",0.758,0.242
"2819",0.746,0.254
"2820",0.518,0.482
"2821",0.85,0.15
"2822",0.318,0.682
"2823",0.904,0.096
"2824",0.678,0.322
"2825",0.678,0.322
"2826",0.95,0.05
"2827",0.834,0.166
"2828",0.986,0.014
"2829",0.948,0.052
"2830",0.978,0.022
"2831",0.056,0.944
"2832",0.904,0.096
"2833",0.454,0.546
"2834",0.002,0.998
"2835",0.956,0.044
"2836",0.958,0.042
"2837",0.02,0.98
"2838",0.044,0.956
"2839",0.542,0.458
"2840",0.846,0.154
"2841",0.976,0.024
"2842",0.434,0.566
"2843",0.664,0.336
"2844",0.868,0.132
"2845",0.922,0.078
"2846",0.992,0.008
"2847",0.98,0.02
"2848",0.428,0.572
"2849",0.996,0.004
"2850",0.084,0.916
"2851",0.978,0.022
"2852",0.956,0.044
"2853",0,1
"2854",0.94,0.06
"2855",0.912,0.088
"2856",0.048,0.952
"2857",0.136,0.864
"2858",0.862,0.138
"2859",0.954,0.046
"2860",0.98,0.02
"2861",0.164,0.836
"2862",0.974,0.026
"2863",0.922,0.078
"2864",0.8,0.2
"2865",0.962,0.038
"2866",0.948,0.052
"2867",0.978,0.022
"2868",0.97,0.03
"2869",0.902,0.098
"2870",0.964,0.036
"2871",0.834,0.166
"2872",0.868,0.132
"2873",0.082,0.918
"2874",0.98,0.02
"2875",0.862,0.138
"2876",0.964,0.036
"2877",0.962,0.038
"2878",0.94,0.06
"2879",0.93,0.07
"2880",0.968,0.032
"2881",0.55,0.45
"2882",0.938,0.062
"2883",0.896,0.104
"2884",0.924,0.076
"2885",0.994,0.006
"2886",0.954,0.046
"2887",0.946,0.054
"2888",0.826,0.174
"2889",0.798,0.202
"2890",0.912,0.088
"2891",0.154,0.846
"2892",0.004,0.996
"2893",0.048,0.952
"2894",0.022,0.978
"2895",0.984,0.016
"2896",0.802,0.198
"2897",0.426,0.574
"2898",0.954,0.046
"2899",0.836,0.164
"2900",0.898,0.102
"2901",0.702,0.298
"2902",0.86,0.14
"2903",0.952,0.048
"2904",0.23,0.77
"2905",0.572,0.428
"2906",0.966,0.034
"2907",0.822,0.178
"2908",0.976,0.024
"2909",0.716,0.284
"2910",0.386,0.614
"2911",0.98,0.02
"2912",0.986,0.014
"2913",0.742,0.258
"2914",0.956,0.044
"2915",0.036,0.964
"2916",0.946,0.054
"2917",0.992,0.008
"2918",0.962,0.038
"2919",0.924,0.076
"2920",0.982,0.018
"2921",0.976,0.024
"2922",0.512,0.488
"2923",0.964,0.036
"2924",0.828,0.172
"2925",0.932,0.068
"2926",0.664,0.336
"2927",0.42,0.58
"2928",0.934,0.066
"2929",0.866,0.134
"2930",0.89,0.11
"2931",0.974,0.026
"2932",0.926,0.074
"2933",0.984,0.016
"2934",0.988,0.012
"2935",0.964,0.036
"2936",0.584,0.416
"2937",0.924,0.076
"2938",0.228,0.772
"2939",0.344,0.656
"2940",0.588,0.412
"2941",0.986,0.014
"2942",0.832,0.168
"2943",0.48,0.52
"2944",0.908,0.092
"2945",0.99,0.01
"2946",0.548,0.452
"2947",0.236,0.764
"2948",0.812,0.188
"2949",0.996,0.004
"2950",0.978,0.022
"2951",0.964,0.036
"2952",0.978,0.022
"2953",0.898,0.102
"2954",0.104,0.896
"2955",0.334,0.666
"2956",0.884,0.116
"2957",0.412,0.588
"2958",0.78,0.22
"2959",0.088,0.912
"2960",0.78,0.22
"2961",0,1
"2962",0.002,0.998
"2963",0.002,0.998
"2964",0.956,0.044
"2965",0.678,0.322
"2966",0.814,0.186
"2967",0.918,0.082
"2968",0.406,0.594
"2969",0.95,0.05
"2970",0.874,0.126
"2971",0.958,0.042
"2972",0.294,0.706
"2973",0.004,0.996
"2974",0.414,0.586
"2975",0.952,0.048
"2976",0.962,0.038
"2977",0.448,0.552
"2978",0.96,0.04
"2979",0.832,0.168
"2980",0.26,0.74
"2981",0.13,0.87
"2982",0.878,0.122
"2983",0.922,0.078
"2984",0.732,0.268
"2985",0.916,0.084
"2986",0.08,0.92
"2987",0.796,0.204
"2988",0.842,0.158
"2989",0.21,0.79
"2990",0.388,0.612
"2991",0.504,0.496
"2992",0.904,0.096
"2993",0.234,0.766
"2994",0.778,0.222
"2995",0.974,0.026
"2996",0.898,0.102
"2997",0.978,0.022
"2998",0.494,0.506
"2999",0.896,0.104
"3000",0.966,0.034
"3001",0.944,0.056
"3002",0.008,0.992
"3003",0.786,0.214
"3004",0.946,0.054
"3005",0.92,0.08
"3006",0.644,0.356
"3007",1,0
"3008",0.834,0.166
"3009",0.94,0.06
"3010",0.91,0.09
"3011",0.654,0.346
"3012",0.994,0.006
"3013",0.686,0.314
"3014",0.91,0.09
"3015",0.838,0.162
"3016",0.932,0.068
"3017",0.916,0.084
"3018",0.528,0.472
"3019",0.88,0.12
"3020",0.984,0.016
"3021",0.538,0.462
"3022",0.878,0.122
"3023",0.316,0.684
"3024",0.888,0.112
"3025",0.596,0.404
"3026",0.942,0.058
"3027",0.958,0.042
"3028",0.978,0.022
"3029",0.016,0.984
"3030",0.89,0.11
"3031",0.966,0.034
"3032",0.86,0.14
"3033",0.918,0.082
"3034",0.836,0.164
"3035",0.92,0.08
"3036",0.122,0.878
"3037",0.838,0.162
"3038",0.95,0.05
"3039",0.534,0.466
"3040",0.856,0.144
"3041",0.958,0.042
"3042",0.906,0.094
"3043",0.658,0.342
"3044",0.69,0.31
"3045",0.994,0.006
"3046",0.95,0.05
"3047",0.846,0.154
"3048",0.914,0.086
"3049",0.346,0.654
"3050",0.916,0.084
"3051",0.054,0.946
"3052",0.226,0.774
"3053",0.41,0.59
"3054",0.772,0.228
"3055",0.952,0.048
"3056",0.97,0.03
"3057",0.99,0.01
"3058",0.944,0.056
"3059",0.832,0.168
"3060",0.888,0.112
"3061",0.966,0.034
"3062",0.934,0.066
"3063",0.898,0.102
"3064",0.954,0.046
"3065",0.942,0.058
"3066",0.988,0.012
"3067",0.004,0.996
"3068",0.306,0.694
"3069",0.946,0.054
"3070",0.444,0.556
"3071",0.974,0.026
"3072",0.994,0.006
"3073",0.95,0.05
"3074",0.89,0.11
"3075",0.918,0.082
"3076",0.456,0.544
"3077",0.978,0.022
"3078",0.994,0.006
"3079",0.996,0.004
"3080",0.716,0.284
"3081",0.928,0.072
"3082",0.052,0.948
"3083",0.344,0.656
"3084",0.902,0.098
"3085",0.904,0.096
"3086",0.926,0.074
"3087",0.99,0.01
"3088",0.71,0.29
"3089",0.92,0.08
"3090",0.812,0.188
